concurrency,totalRequest,totalErrors,totalTimeSeconds,rps,meanLatencyMs,maxLatencyMs,minLatencyMs

32,10000,0,8.98106301, 1113,28.6,103,9
16,10000,0,18.006982533, 555,28.7,7358,5
8,10000,0,24.371766798, 410,19.4,14451,1
4,10000,0,21.485805433000003, 465,8.5,3165,1
2,10000,0,21.792648355, 459,4.3,4076,1
1,10000,0,31.882672706, 314,3.1,1142,1
