concurrency,totalRequest,totalErrors,totalTimeSeconds,rps,meanLatencyMs,maxLatencyMs,minLatencyMs

32,10000,0,42.035729124999996, 238,134.3,20029,2
16,10000,0,55.989494844, 179,89.5,20025,7
8,10000,0,89.840271649, 111,71.8,20882,2
4,10000,0,100.087641171, 100,40,20872,2
2,10000,0,133.055471548, 75,26.6,20330,1
1,10000,0,142.33244093899998, 70,14.2,20840,1
