concurrency,totalRequest,totalErrors,totalTimeSeconds,rps,meanLatencyMs,maxLatencyMs,minLatencyMs

1,10000,0,17.5323651, 570,1.7,25,1
2,10000,0,7.6183375, 1313,1.5,26,1
4,10000,0,5.9298754, 1686,2.3,28,1
8,10000,0,4.5367201, 2204,3.6,31,1
16,10000,0,4.2742218, 2340,6.8,33,3
32,10000,0,4.0505179, 2469,12.9,36,5
64,10000,0,3.8574883, 2592,24.5,53,10
128,10000,0,3.900916, 2564,49.4,98,21
256,10000,0,3.9723441000000004, 2517,100.2,198,25
